delta,speed_measured
0.0,1.0
0.4,0.8664616872923127
0.35,0.9467074400737279
0.3,0.9507665094688054
0.25,0.9771712092482027
0.2,0.990189318167332
0.15,0.9941434257540267
